molecule	source	gene	start	end	direction	genome
KY370037_Circovirus_daga	Geneious	cap	1040	1674	-1	1674
KY370037_Circovirus_daga	Geneious	rep	132	1043	1	1674
OQ599922_Circovirus_kukwuria	Geneious	cap	1051	1551	-1	1680
OQ599922_Circovirus_kukwuria	cpgplot	CpG	445	571	0	1680
OQ599922_Circovirus_kukwuria	Geneious	rep	125	1039	1	1680
GQ404856_Circovirus_eniyan	Geneious	cap	963	1628	-1	1699
GQ404856_Circovirus_eniyan	cpgplot	CpG	1539	1640	0	1699
GQ404856_Circovirus_eniyan	Geneious	rep	35	958	1	1699
MZ604582_Circovirus_naaleeli	Geneious	cap	927	1691	-1	1723
MZ604582_Circovirus_naaleeli	cpgplot	CpG	340	471	0	1723
MZ604582_Circovirus_naaleeli	Geneious	rep	64	930	1	1723
KJ020099_Circovirus_mink	Geneious	cap	1039	1722	-1	1753
KJ020099_Circovirus_mink	cpgplot	CpG	1606	1701	0	1753
KJ020099_Circovirus_mink	Geneious	rep	55	948	1	1753
AF071879_Circovirus_porcine1	Geneious	cap	1037	1729	-1	1758
AF071879_Circovirus_porcine1	Geneious	rep	54	992	1	1758
JQ814849_Circovirus_bianfu	Geneious	cap	1084	1740	-1	1760
JQ814849_Circovirus_bianfu	cpgplot	CpG	1638	1726	0	1760
JQ814849_Circovirus_bianfu	Geneious	rep	44	955	1	1760
KX756996_Circovirus_siksparnis	Geneious	cap	1028	1735	-1	1761
KX756996_Circovirus_siksparnis	Geneious	rep	52	990	1	1761
AY651850_Circovirus_porcine2	Geneious	cap	1040	1741	-1	1767
AY651850_Circovirus_porcine2	cpgplot	CpG	1601	1716	0	1767
AY651850_Circovirus_porcine2	Geneious	rep	58	1002	1	1767
KT783484_Circovirus_bastao	Geneious	cap	1092	1748	-1	1767
KT783484_Circovirus_bastao	cpgplot	CpG	1649	1734	0	1767
KT783484_Circovirus_bastao	Geneious	rep	45	956	1	1767
MK986820_Circovirus_porcine4	Geneious	cap	1047	1733	-1	1770
MK986820_Circovirus_porcine4	cpgplot	CpG	1633	1716	0	1770
MK986820_Circovirus_porcine4	Geneious	rep	75	965	1	1770
EU056309_Circovirus_swan	Geneious	cap	975	1730	-1	1783
EU056309_Circovirus_swan	Geneious	rep	55	936	1	1783
MN585201_Circovirus_elk	Geneious	cap	1044	1742	-1	1787
MN585201_Circovirus_elk	Geneious	rep	53	1006	1	1787
MW881235_Circovirus_lin	Geneious	cap	1059	1754	-1	1788
MW881235_Circovirus_lin	cpgplot	CpG	349	461	0	1788
MW881235_Circovirus_lin	cpgplot	CpG	1615	1740	0	1788
MW881235_Circovirus_lin	Geneious	rep	60	1019	1	1788
KC339249_Circovirus_vleermuis	Geneious	cap	1032	1763	-1	1798
KC339249_Circovirus_vleermuis	Geneious	rep	51	992	1	1798
KX987146_Circovirus_pichong	Geneious	cap	1038	1643	-1	1812
KX987146_Circovirus_pichong	cpgplot	CpG	25	108	0	1812
KX987146_Circovirus_pichong	Geneious	rep	43	930	1	1812
AJ304456_Circovirus_goose	Geneious	cap	1016	1768	-1	1821
AJ304456_Circovirus_goose	cpgplot	CpG	510	609	0	1821
AJ304456_Circovirus_goose	cpgplot	CpG	1685	1788	0	1821
AJ304456_Circovirus_goose	Geneious	rep	80	961	1	1821
MZ604590_Circovirus_pato	Geneious	cap	1156	1803	-1	1821
MZ604590_Circovirus_pato	cpgplot	CpG	1693	1787	0	1821
MZ604590_Circovirus_pato	Geneious	rep	42	253	1	1821
MZ604590_Circovirus_pato	Geneious	rep	333	1035	1	1821
MN164712_Circovirus_tetning	Geneious	cap	1162	1758	-1	1853
MN164712_Circovirus_tetning	cpgplot	CpG	1026	1133	0	1853
MN164712_Circovirus_tetning	cpgplot	CpG	1699	1799	0	1853
MN164712_Circovirus_tetning	Geneious	rep	47	964	1	1853
JX863737_Circovirus_chauvesouris	Geneious	cap	1117	1833	-1	1862
JX863737_Circovirus_chauvesouris	Geneious	rep	58	945	1	1862
MZ382570_Circovirus_magu	Geneious	cap	1228	1869	-1	1879
MZ382570_Circovirus_magu	Geneious	rep	169	1077	1	1879
KJ641724_Circovirus_ratpenat	Geneious	cap	1220	1864	-1	1880
KJ641724_Circovirus_ratpenat	cpgplot	CpG	175	257	0	1880
KJ641724_Circovirus_ratpenat	cpgplot	CpG	1762	1847	0	1880
KJ641724_Circovirus_ratpenat	Geneious	rep	77	1132	1	1880
MN103538_Circovirus_whale	Geneious	cap	986	1852	-1	1889
MN103538_Circovirus_whale	Geneious	rep	35	901	1	1889
ON596197_Circovirus_wesa	Geneious	cap	1247	1885	-1	1895
ON596197_Circovirus_wesa	Geneious	rep	123	1028	1	1895
DQ146997_Circovirus_raven	Geneious	cap	1123	1713	-1	1898
DQ146997_Circovirus_raven	cpgplot	CpG	321	415	0	1898
DQ146997_Circovirus_raven	cpgplot	CpG	936	1027	0	1898
DQ146997_Circovirus_raven	Geneious	rep	43	918	1	1898
KJ641741_Circovirus_kelawar	Geneious	cap	1081	1845	-1	1900
KJ641741_Circovirus_kelawar	cpgplot	CpG	1717	1850	0	1900
KJ641741_Circovirus_kelawar	Geneious	rep	56	1003	1	1900
OL704833_Circovirus_tzinaka	Geneious	cap	1261	1893	-1	1919
OL704833_Circovirus_tzinaka	Geneious	rep	225	1187	1	1919
GQ404851_Circovirus_impundu	Geneious	cap	1080	1592	-1	1935
GQ404851_Circovirus_impundu	cpgplot	CpG	922	1042	0	1935
GQ404851_Circovirus_impundu	cpgplot	CpG	1792	1897	0	1935
GQ404851_Circovirus_impundu	Geneious	rep	243	917	1	1935
MZ710934_Circovirus_torpegem	Geneious	cap	1229	1858	-1	1935
MZ710934_Circovirus_torpegem	cpgplot	CpG	1148	1230	0	1935
MZ710934_Circovirus_torpegem	Geneious	rep	52	999	1	1935
KU230452_Circovirus_yaa	Geneious	cap	1099	1599	-1	1939
KU230452_Circovirus_yaa	cpgplot	CpG	927	1017	0	1939
KU230452_Circovirus_yaa	cpgplot	CpG	1791	1899	0	1939
KU230452_Circovirus_yaa	Geneious	rep	52	924	1	1939
KJ641723_Circovirus_lepakko	Geneious	cap	1302	1925	-1	1944
KJ641723_Circovirus_lepakko	cpgplot	CpG	631	718	0	1944
KJ641723_Circovirus_lepakko	cpgplot	CpG	1828	1912	0	1944
KJ641723_Circovirus_lepakko	Geneious	rep	201	1157	1	1944
AJ301633_Circovirus_canary	Geneious	cap	1161	1913	-1	1952
AJ301633_Circovirus_canary	cpgplot	CpG	947	1097	0	1952
AJ301633_Circovirus_canary	Geneious	rep	39	911	1	1952
GU799606_Circovirus_barbel	Geneious	cap	1268	1768	-1	1957
GU799606_Circovirus_barbel	cpgplot	CpG	1818	1899	0	1957
GU799606_Circovirus_barbel	Geneious	rep	55	1014	1	1957
MZ710935_Circovirus_gyurgyalag	Geneious	cap	1171	1893	-1	1960
MZ710935_Circovirus_gyurgyalag	cpgplot	CpG	993	1112	0	1960
MZ710935_Circovirus_gyurgyalag	Geneious	rep	34	945	1	1960
DQ845075_Circovirus_finch	Geneious	cap	1219	1926	-1	1962
DQ845075_Circovirus_finch	cpgplot	CpG	353	487	0	1962
DQ845075_Circovirus_finch	cpgplot	CpG	1812	1928	0	1962
DQ845075_Circovirus_finch	Geneious	rep	36	911	1	1962
JQ011377_Circovirus_catfish	Geneious	cap	1260	1943	-1	1966
JQ011377_Circovirus_catfish	Geneious	rep	260	1204	1	1966
MW686208_Circovirus_gloton	Geneious	cap	1319	1957	-1	1967
MW686208_Circovirus_gloton	cpgplot	CpG	1159	1280	0	1967
MW686208_Circovirus_gloton	Geneious	rep	236	1126	1	1967
KP793918_Circovirus_zebrafinch	Geneious	cap	1240	1779	-1	1982
KP793918_Circovirus_zebrafinch	cpgplot	CpG	329	447	0	1982
KP793918_Circovirus_zebrafinch	cpgplot	CpG	914	1075	0	1982
KP793918_Circovirus_zebrafinch	cpgplot	CpG	1090	1204	0	1982
KP793918_Circovirus_zebrafinch	cpgplot	CpG	1376	1560	0	1982
KP793918_Circovirus_zebrafinch	cpgplot	CpG	1831	1949	0	1982
KP793918_Circovirus_zebrafinch	Geneious	rep	36	911	1	1982
MN164703_Circovirus_penguin	Geneious	cap	1143	1868	-1	1988
MN164703_Circovirus_penguin	cpgplot	CpG	485	618	0	1988
MN164703_Circovirus_penguin	cpgplot	CpG	1008	1103	0	1988
MN164703_Circovirus_penguin	cpgplot	CpG	1846	1931	0	1988
MN164703_Circovirus_penguin	Geneious	rep	93	962	1	1988
AF071878_Circovirus_parrot	Geneious	cap	1239	1973	-1	1993
AF071878_Circovirus_parrot	cpgplot	CpG	56	172	0	1993
AF071878_Circovirus_parrot	cpgplot	CpG	1029	1128	0	1993
AF071878_Circovirus_parrot	Geneious	rep	137	1006	1	1993
AY228555_Circovirus_duck	Geneious	cap	1167	1940	-1	1996
AY228555_Circovirus_duck	cpgplot	CpG	363	515	0	1996
AY228555_Circovirus_duck	cpgplot	CpG	1850	1962	0	1996
AY228555_Circovirus_duck	Geneious	rep	56	934	1	1996
KT869077_Circovirus_porcine3	Geneious	cap	1343	1987	-1	2000
KT869077_Circovirus_porcine3	cpgplot	CpG	1213	1308	0	2000
KT869077_Circovirus_porcine3	Geneious	rep	223	1113	1	2000
ON677309_Circovirus_human	Geneious	cap	1368	2012	-1	2021
ON677309_Circovirus_human	cpgplot	CpG	1196	1334	0	2021
ON677309_Circovirus_human	Geneious	rep	154	1134	1	2021
DQ845074_Circovirus_gull	Geneious	cap	1197	1994	-1	2035
DQ845074_Circovirus_gull	cpgplot	CpG	48	190	0	2035
DQ845074_Circovirus_gull	cpgplot	CpG	1043	1157	0	2035
DQ845074_Circovirus_gull	cpgplot	CpG	1899	1979	0	2035
DQ845074_Circovirus_gull	Geneious	rep	107	1024	1	2035
AF252610_Circovirus_pigeon	Geneious	cap	1173	1994	-1	2037
AF252610_Circovirus_pigeon	cpgplot	CpG	25	161	0	2037
AF252610_Circovirus_pigeon	cpgplot	CpG	1024	1130	0	2037
AF252610_Circovirus_pigeon	cpgplot	CpG	1893	2004	0	2037
AF252610_Circovirus_pigeon	Geneious	rep	48	1001	1	2037
MN371255_Circovirus_bear	Geneious	cap	1250	2029	-1	2054
MN371255_Circovirus_bear	Geneious	rep	37	55	1	2054
MN371255_Circovirus_bear	Geneious	rep	206	369	1	2054
MN371255_Circovirus_bear	Geneious	rep	498	1190	1	2054
DQ172906_Circovirus_starling	Geneious	cap	1197	2027	-1	2063
DQ172906_Circovirus_starling	cpgplot	CpG	1016	1128	0	2063
DQ172906_Circovirus_starling	cpgplot	CpG	1915	2004	0	2063
DQ172906_Circovirus_starling	Geneious	rep	44	913	1	2063
KC241982_Circovirus_canine	Geneious	cap	1168	1980	-1	2063
KC241982_Circovirus_canine	cpgplot	CpG	230	323	0	2063
KC241982_Circovirus_canine	cpgplot	CpG	515	597	0	2063
KC241982_Circovirus_canine	cpgplot	CpG	972	1083	0	2063
KC241982_Circovirus_canine	cpgplot	CpG	1916	2030	0	2063
KC241982_Circovirus_canine	Geneious	rep	53	964	1	2063
MN928506_Circovirus_pipistrello	Geneious	cap	1141	1989	-1	2063
MN928506_Circovirus_pipistrello	cpgplot	CpG	207	292	0	2063
MN928506_Circovirus_pipistrello	cpgplot	CpG	1452	1613	0	2063
MN928506_Circovirus_pipistrello	Geneious	rep	54	974	1	2063
KJ641711_Circovirus_morcego	Geneious	cap	1424	2047	-1	2069
KJ641711_Circovirus_morcego	cpgplot	CpG	567	699	0	2069
KJ641711_Circovirus_morcego	cpgplot	CpG	1260	1374	0	2069
KJ641711_Circovirus_morcego	cpgplot	CpG	1761	1880	0	2069
KJ641711_Circovirus_morcego	cpgplot	CpG	1932	2035	0	2069
KJ641711_Circovirus_morcego	Geneious	rep	250	1164	1	2069
OM869597_Circovirus_hirat	Geneious	cap	1199	2065	-1	2076
OM869597_Circovirus_hirat	cpgplot	CpG	175	373	0	2076
OM869597_Circovirus_hirat	cpgplot	CpG	494	598	0	2076
OM869597_Circovirus_hirat	cpgplot	CpG	964	1068	0	2076
OM869597_Circovirus_hirat	cpgplot	CpG	1922	2010	0	2076
OM869597_Circovirus_hirat	Geneious	rep	49	951	1	2076
LC416389_Circovirus_civet	Geneious	cap	1280	2056	-1	2077
LC416389_Circovirus_civet	Geneious	rep	39	61	1	2077
LC416389_Circovirus_civet	Geneious	rep	213	383	1	2077
LC416389_Circovirus_civet	Geneious	rep	517	1219	1	2077
OQ599924_Circovirus_ban	Geneious	cap	1181	1996	-1	2079
OQ599924_Circovirus_ban	cpgplot	CpG	963	1068	0	2079
OQ599924_Circovirus_ban	cpgplot	CpG	1918	2001	0	2079
OQ599924_Circovirus_ban	Geneious	rep	48	953	1	2079
KY370027_Circovirus_gnaver	Geneious	cap	1259	2062	-1	2080
KY370027_Circovirus_gnaver	Geneious	rep	184	434	1	2080
KY370027_Circovirus_gnaver	Geneious	rep	493	1192	1	2080
KJ641727_Circovirus_saguzarra	Geneious	cap	1439	2074	-1	2094
KJ641727_Circovirus_saguzarra	cpgplot	CpG	92	172	0	2094
KJ641727_Circovirus_saguzarra	cpgplot	CpG	1267	1346	0	2094
KJ641727_Circovirus_saguzarra	cpgplot	CpG	1961	2060	0	2094
KJ641727_Circovirus_saguzarra	Geneious	rep	308	1189	1	2094
KJ641716_Circovirus_cia	Geneious	cap	1456	2076	-1	2097
KJ641716_Circovirus_cia	cpgplot	CpG	1241	1337	0	2097
KJ641716_Circovirus_cia	Geneious	rep	297	1193	1	2097
MF497827_Circovirus_gryzon	Geneious	cap	1208	1864	-1	2112
MF497827_Circovirus_gryzon	cpgplot	CpG	996	1151	0	2112
MF497827_Circovirus_gryzon	Geneious	rep	40	942	1	2112
KX756986_Circovirus_ialtag	Geneious	cap	1241	2086	-1	2113
KX756986_Circovirus_ialtag	cpgplot	CpG	45	129	0	2113
KX756986_Circovirus_ialtag	cpgplot	CpG	191	285	0	2113
KX756986_Circovirus_ialtag	cpgplot	CpG	543	622	0	2113
KX756986_Circovirus_ialtag	cpgplot	CpG	992	1078	0	2113
KX756986_Circovirus_ialtag	cpgplot	CpG	1912	2007	0	2113
KX756986_Circovirus_ialtag	Geneious	rep	54	974	1	2113
KY370042_Circovirus_kiore	Geneious	cap	1188	1991	-1	2120
KY370042_Circovirus_kiore	cpgplot	CpG	952	1129	0	2120
KY370042_Circovirus_kiore	Geneious	rep	51	959	1	2120
KY370034_Circovirus_rongeur	Geneious	cap	1199	2005	-1	2134
KY370034_Circovirus_rongeur	cpgplot	CpG	985	1078	0	2134
KY370034_Circovirus_rongeur	cpgplot	CpG	1902	2008	0	2134
KY370034_Circovirus_rongeur	Geneious	rep	55	963	1	2134
KY370039_Circovirus_roditore	Geneious	cap	1210	2010	-1	2136
KY370039_Circovirus_roditore	cpgplot	CpG	1007	1169	0	2136
KY370039_Circovirus_roditore	Geneious	rep	45	953	1	2136
KY370029_Circovirus_rosegador	Geneious	cap	1248	2141	-1	2151
KY370029_Circovirus_rosegador	cpgplot	CpG	25	106	0	2151
KY370029_Circovirus_rosegador	cpgplot	CpG	538	646	0	2151
KY370029_Circovirus_rosegador	cpgplot	CpG	958	1043	0	2151
KY370029_Circovirus_rosegador	cpgplot	CpG	1997	2117	0	2151
KY370029_Circovirus_rosegador	Geneious	rep	38	943	1	2151
MT610106_Circovirus_miztontli	Geneious	cap	1132	2106	-1	2151
MT610106_Circovirus_miztontli	cpgplot	CpG	368	470	0	2151
MT610106_Circovirus_miztontli	cpgplot	CpG	493	586	0	2151
MT610106_Circovirus_miztontli	cpgplot	CpG	1998	2117	0	2151
MT610106_Circovirus_miztontli	Geneious	rep	38	937	1	2151
MT610105_Circovirus_miztli	Geneious	cap	1199	2014	-1	2181
MT610105_Circovirus_miztli	cpgplot	CpG	970	1076	0	2181
MT610105_Circovirus_miztli	Geneious	rep	52	957	1	2181
MH188038_Circovirus_mossi	Geneious	cap	1383	2207	-1	2224
MH188038_Circovirus_mossi	cpgplot	CpG	148	283	0	2224
MH188038_Circovirus_mossi	cpgplot	CpG	1100	1189	0	2224
MH188038_Circovirus_mossi	cpgplot	CpG	1248	1343	0	2224
MH188038_Circovirus_mossi	Geneious	rep	249	1118	1	2224
